ID,present,WC_alt,WC_bio1,WC_bio12,ER_tri,ER_thermicityIndex,lon,lat
1,1,34,12.899999618530273,969,22.809999465942383,294.5,-122.99965,38.088309
2,1,161,12.899999618530273,1166,36.470001220703125,289,-122.987777,38.395533
3,1,48,12.899999618530273,992,29.84000015258789,294,-122.986461,38.184133
4,1,283,10.600000381469727,1308,39.41999816894531,186,-123.248766,43.81997
5,1,159,11,1734,50.04999923706055,240.5,-124.028592,41.347069
6,1,112,12.899999618530273,1013,44.439998626708984,293.5,-122.879522,38.047263
7,1,1144,10.100000381469727,1661,109.16000366210938,104.5,-83.347098,35.522356
8,1,34,12.899999618530273,969,22.809999465942383,294.5,-122.922054,38.112274
9,1,2128,10.100000381469727,436,28.139999389648438,126.75,-105.62922,33.421233
10,1,1168,5.900000095367432,399,97.19000244140625,-1.5,-113.961728,46.878299
11,1,2346,9,511,62.619998931884766,97,-105.673513,33.335016
12,1,2573,2.4000000953674316,430,118.01000213623047,-104.5,-106.895911,39.241249
13,1,34,12.899999618530273,969,22.809999465942383,294.5,-122.941832,38.154937
14,1,932,3.200000047683716,579,57.060001373291016,-94.25,-116.088537,50.601242
15,1,590,7.300000190734863,2774,168.4499969482422,102,-123.949708,47.855728
16,1,218,15.800000190734863,310,43.66999816894531,302,-121.129093,37.10291
17,1,NA,NA,NA,NA,NA,-97.950435,27.2326
18,1,2142,7.5,417,177.05999755859375,50,-112.065988,36.029302
19,1,32,16.5,242,2.5799999237060547,312.75,-120.941224,37.163605
20,1,2346,9,511,62.619998931884766,97,-105.671184,33.335347
21,1,1816,4.400000095367432,457,40.849998474121094,-34.25,-111.023578,43.153703
22,1,31,12.699999809265137,970,22.299999237060547,291,-122.927401,38.030808
23,1,261,9.699999809265137,1302,32.040000915527344,158,-122.287575,46.86243
24,1,295,9.100000381469727,2277,44.5099983215332,164,-123.547028,45.9468
25,1,1168,5.900000095367432,399,97.19000244140625,-1.5,-113.961858,46.874284
26,1,1685,0.20000000298023224,561,123.22000122070312,-182.25,-115.493874,51.195363
27,1,1168,5.900000095367432,399,97.19000244140625,-1.5,-113.961728,46.878299
28,1,2346,9,511,62.619998931884766,97,-105.671758,33.339134
29,1,1168,5.900000095367432,399,97.19000244140625,-1.5,-113.961728,46.878299
30,1,7,10.399999618530273,1979,19.350000381469727,218,-123.961651,46.205391
31,1,121,11.199999809265137,1233,22.940000534057617,195,-122.772115,44.665838
32,1,1168,5.900000095367432,399,97.19000244140625,-1.5,-113.961858,46.874284
33,1,42,16.5,227,3.509999990463257,313.75,-120.914304,37.006272
34,1,1937,9,375,64.80000305175781,90.5,-112.199867,36.070836
35,1,1168,5.900000095367432,399,97.19000244140625,-1.5,-113.961858,46.874284
36,1,51,10.5,1949,24.6299991607666,229,-124.062553,44.615263
37,1,899,20,302,30.56999969482422,394.75,-103.161313,29.315213
38,1,1168,5.900000095367432,399,97.19000244140625,-1.5,-113.961858,46.874284
39,1,42,16.5,227,3.509999990463257,313.75,-120.850341,37.074539
40,1,1234,9.699999809265137,1678,108.93000030517578,94.25,-83.223276,35.506558
41,1,1168,5.900000095367432,399,97.19000244140625,-1.5,-113.961728,46.878299
42,1,212,10.899999618530273,1646,79.19000244140625,238.5,-124.0414,41.32125
43,1,87,13,987,37.06999969482422,296,-122.833725,38.088237
44,1,19,15.399999618530273,437,5.840000152587891,302,-121.880807,38.179816
45,1,1938,3,460,30.950000762939453,-77,-110.750956,43.513546
46,1,138,9.899999618530273,2233,57.790000915527344,210,-123.959181,45.902976
47,1,1168,5.900000095367432,399,97.19000244140625,-1.5,-113.961728,46.878299
48,1,140,10.600000381469727,1200,29.350000381469727,177,-122.922263,45.642747
49,1,1168,5.900000095367432,399,97.19000244140625,-1.5,-113.961728,46.878299
50,1,1329,9.399999618530273,1724,106.2300033569336,84.75,-83.122653,35.553234
51,1,19,22.5,656,1.149999976158142,499,-97.894022,27.311976
52,1,454,14.5,621,61.09000015258789,306,-121.694755,37.253067
53,1,2346,9,511,62.619998931884766,97,-105.674399,33.336565
54,1,112,12.899999618530273,1013,44.439998626708984,293.5,-122.833732,38.065409
55,1,138,9.899999618530273,2233,57.790000915527344,210,-123.959181,45.902976
56,1,138,9.899999618530273,2233,57.790000915527344,210,-123.959181,45.902976
57,1,915,3.5,563,65.80000305175781,-84.5,-115.966303,50.489935
58,1,87,13,987,37.06999969482422,296,-122.894293,38.10469
59,1,148,9.5,2347,41.869998931884766,190,-123.824142,45.4145
60,1,1594,0.699999988079071,564,111.55999755859375,-170,-115.370341,51.115648
61,1,212,10.899999618530273,1646,79.19000244140625,238.5,-124.041931,41.321343
62,1,1878,4.199999809265137,307,58.459999084472656,-42.5,-112.527677,45.026913
63,1,1938,3,460,30.950000762939453,-77,-110.755125,43.508049
64,1,827,5.400000095367432,503,22.860000610351562,-19,-115.686199,49.691109
65,1,138,9.899999618530273,2233,57.790000915527344,210,-123.957038,45.8885
66,1,2344,9,525,39.93000030517578,100,-105.698862,33.181022
67,1,7,10.399999618530273,1979,19.350000381469727,218,-123.91785,46.17303
68,1,97,17.700000762939453,153,0.9300000071525574,342.5,-119.262823,35.3683
69,1,2099,7.699999809265137,413,103.30000305175781,56,-112.122017,36.037686
70,1,2375,4.5,528,29.100000381469727,-45.25,-107.107532,37.257995
71,1,1168,5.900000095367432,399,97.19000244140625,-1.5,-113.961728,46.878299
72,1,385,14.399999618530273,333,36.63999938964844,299,-120.97734,36.237046
73,1,43,13.699999809265137,903,13.609999656677246,299,-122.822771,38.386991
74,1,452,11.600000381469727,630,40.189998626708984,183,-122.842075,42.539863
75,1,212,10.899999618530273,1646,79.19000244140625,238.5,-124.040413,41.318389
76,1,1168,5.900000095367432,399,97.19000244140625,-1.5,-113.961858,46.874284
77,1,1870,-0.6000000238418579,601,167.75999450683594,-208.75,-115.333362,51.081788
78,1,834,8.800000190734863,426,16.100000381469727,76.75,-117.878711,45.326762
79,1,2450,8.600000381469727,548,41.439998626708984,92,-105.607457,33.080128
80,1,2099,7.699999809265137,413,103.30000305175781,56,-112.121452,36.038205
81,1,138,9.899999618530273,2233,57.790000915527344,210,-123.95783,45.899553
82,1,1547,12.899999618530273,217,55.400001525878906,213.75,-115.640691,36.476005
83,1,138,9.899999618530273,2233,57.790000915527344,210,-123.958515,45.899493
84,1,722,6.199999809265137,380,19.989999771118164,72.75,-103.539877,47.014389
85,1,2670,7.5,603,40.77000045776367,63,-105.748658,32.948172
86,1,2316,9.300000190734863,510,48.810001373291016,111,-105.575326,33.041052
87,1,1870,-0.6000000238418579,601,167.75999450683594,-208.75,-115.336155,51.082065
88,1,138,9.899999618530273,2233,57.790000915527344,210,-123.958183,45.900538
89,1,2450,8.600000381469727,548,41.439998626708984,92,-105.601265,33.07542
90,1,1074,15.699999809265137,148,33.209999084472656,296.75,-115.621715,36.577595
91,1,2099,7.699999809265137,413,103.30000305175781,56,-112.099258,36.051808
92,1,1168,5.900000095367432,399,97.19000244140625,-1.5,-113.960269,46.877589
93,1,249,9.199999809265137,2417,44.81999969482422,170,-123.654601,46.147226
94,1,138,9.899999618530273,2233,57.790000915527344,210,-123.95758,45.900153
95,1,1168,5.900000095367432,399,97.19000244140625,-1.5,-113.961484,46.875112
96,1,249,9.199999809265137,2417,44.81999969482422,170,-123.654601,46.147226
97,1,249,9.199999809265137,2417,44.81999969482422,170,-123.654601,46.147226
98,1,3422,-0.699999988079071,834,170.82000732421875,-196.25,-107.811827,37.939034
99,1,1215,2.5,490,9.699999809265137,-111.75,-114.483857,51.05538
100,1,892,3.5,568,57.310001373291016,-85.5,-116.062695,50.567565
101,1,212,10.899999618530273,1646,79.19000244140625,238.5,-124.037197,41.324581
102,1,50,13.300000190734863,967,25.889999389648438,299,-122.897111,38.275666
103,1,212,10.899999618530273,1646,79.19000244140625,238.5,-124.034147,41.327394
104,1,1847,11,269,14.15999984741211,153.5,-109.435662,35.057755
105,1,212,10.899999618530273,1646,79.19000244140625,238.5,-124.045357,41.322704
106,1,1144,10.100000381469727,1661,109.16000366210938,104.5,-83.336356,35.53655
107,1,1144,10.100000381469727,1661,109.16000366210938,104.5,-83.397548,35.576108
108,1,290,15.399999618530273,1146,26.440000534057617,269.75,-94.843291,35.681462
109,1,490,15.699999809265137,753,22.790000915527344,290.75,-98.608464,34.714617
110,1,898,6.599999904632568,2263,91.19999694824219,64,-122.006469,46.756912
111,1,112,12.899999618530273,1013,44.439998626708984,293.5,-122.897795,38.063222
112,1,106,18,155,1.0199999809265137,351.5,-119.236728,35.356463
113,1,2547,3.799999952316284,489,53.380001068115234,-65.25,-105.465749,39.953036
114,1,7,10.399999618530273,1979,19.350000381469727,218,-123.95952,46.191708
115,1,490,15.699999809265137,753,22.790000915527344,290.75,-98.630383,34.687153
116,1,1594,0.699999988079071,564,111.55999755859375,-170,-115.344186,51.089993
117,1,1525,9.300000190734863,369,8.569999694824219,111.5,-105.060757,40.407692
118,1,842,5.5,531,45.400001525878906,-16.25,-115.640228,49.610112
119,1,1756,7.800000190734863,381,57.560001373291016,61,-107.651461,39.533139
120,1,1640,10.100000381469727,250,22.559999465942383,133.25,-115.335116,38.205795
121,1,2083,4.800000190734863,488,47.959999084472656,-26.25,-107.04771,40.498342
122,1,31,12.699999809265137,970,22.299999237060547,291,-122.96306,38.029263
123,1,1034,18.899999618530273,347,42.720001220703125,367.25,-103.061658,29.535919
124,1,212,10.899999618530273,1646,79.19000244140625,238.5,-124.043616,41.320051
125,1,1125,10.199999809265137,1535,94.29000091552734,108,-83.110268,35.650992
126,1,1945,3.299999952316284,424,110.27999877929688,-72.75,-114.351717,43.697129
127,1,986,16.200000762939453,135,23.8700008392334,312.25,-115.640793,36.598972
128,1,1085,8.899999618530273,431,63.880001068115234,98.5,-116.072798,43.555223
129,1,57,13,1025,31.049999237060547,294.5,-122.967892,38.308615
130,1,48,12.899999618530273,992,29.84000015258789,294,-122.99658,38.200325
131,1,2,10.300000190734863,2015,5.880000114440918,218,-124.003823,46.220957
132,1,2450,8.600000381469727,548,41.439998626708984,92,-105.65728,33.003686
133,1,NA,NA,NA,NA,NA,-122.871898,37.969383
134,1,NA,NA,NA,NA,NA,-78.397225,41.315658
135,1,1168,5.900000095367432,399,97.19000244140625,-1.5,-113.966444,46.877014
136,1,27,16.5,251,0.4300000071525574,312.75,-120.817755,37.190443
137,1,31,16.600000381469727,223,0.949999988079071,315,-120.821129,37.044814
138,1,1168,5.900000095367432,399,97.19000244140625,-1.5,-113.966444,46.877014
139,1,91,10.800000190734863,1215,27.06999969482422,182,-123.147844,45.425862
140,1,30,16.5,255,0.5600000023841858,313.25,-120.68013,37.167454
141,1,1316,2.299999952316284,624,99.55999755859375,-119,-115.837954,50.164257
142,1,2356,9.199999809265137,535,77.69000244140625,107,-105.818175,32.95508
143,1,1967,7.699999809265137,446,56.97999954223633,58.75,-105.215127,39.729559
144,1,34,12.899999618530273,969,22.809999465942383,294.5,-122.93008,38.121366
145,1,212,10.899999618530273,1646,79.19000244140625,238.5,-124.038481,41.323289
146,1,407,11.899999618530273,560,19.100000381469727,187.25,-122.898872,42.497922
147,1,1777,11.5,641,71.62000274658203,172.75,-111.455141,34.384474
148,1,31,12.699999809265137,970,22.299999237060547,291,-122.969566,38.044774
149,1,534,14.100000381469727,778,100.30999755859375,269,-122.267374,38.880586
150,1,2756,2.0999999046325684,532,130.41000366210938,-114.25,-105.606388,40.385768
151,1,519,13.600000381469727,821,45.369998931884766,254,-122.536847,38.855415
152,1,1168,5.900000095367432,399,97.19000244140625,-1.5,-113.964405,46.877293
153,1,1168,5.900000095367432,399,97.19000244140625,-1.5,-113.963314,46.87875
154,1,1836,8.600000381469727,440,42.939998626708984,89.25,-105.093605,39.524588
155,1,1168,5.900000095367432,399,97.19000244140625,-1.5,-113.965587,46.876055
156,1,212,10.899999618530273,1646,79.19000244140625,238.5,-124.037931,41.324892
157,1,249,9.199999809265137,2417,44.81999969482422,170,-123.655899,46.147554
158,1,1168,5.900000095367432,399,97.19000244140625,-1.5,-113.963793,46.874633
159,1,1364,2.700000047683716,768,115.04000091552734,-110.75,-114.869399,49.733601
160,1,1168,5.900000095367432,399,97.19000244140625,-1.5,-113.964891,46.876498
161,1,394,14.600000381469727,576,61.7599983215332,306,-121.650954,37.216523
162,1,394,14.600000381469727,576,61.7599983215332,306,-121.650166,37.24906
163,1,1966,5.800000190734863,485,62.22999954223633,5.5,-111.411554,40.772418
164,1,1168,5.900000095367432,399,97.19000244140625,-1.5,-113.963314,46.87875
165,1,1011,8,240,27.6299991607666,71.75,-121.052208,44.193554
166,1,297,15.600000381469727,368,57.720001220703125,299,-121.203075,37.273325
167,1,394,14.600000381469727,576,61.7599983215332,306,-121.627493,37.238452
168,1,2003,7.400000095367432,447,75.80000305175781,50.75,-105.090089,39.464772
169,1,1814,12.5,401,59.29999923706055,193.5,-105.833752,32.947899
170,1,31,12.699999809265137,970,22.299999237060547,291,-122.993564,38.007548
171,1,34,12.899999618530273,969,22.809999465942383,294.5,-122.981504,38.155186
172,1,102,13,1005,35.880001068115234,297,-122.90869000000001,38.186413
173,1,122,13.100000381469727,996,52.43000030517578,299.5,-122.814644,38.069488
174,1,112,12.899999618530273,1013,44.439998626708984,293.5,-122.891657,38.081736
175,1,170,14.899999618530273,423,46.20000076293945,317,-121.854102,37.598352
176,1,1011,8,240,27.6299991607666,71.75,-121.052208,44.193554
177,1,1836,8.600000381469727,440,42.939998626708984,89.25,-105.093636,39.524505
178,1,1347,3.799999952316284,541,27.1200008392334,-70.25,-113.794561,49.132054
179,1,2486,8.5,555,48.619998931884766,90,-105.592562,32.929642
180,1,31,12.699999809265137,970,22.299999237060547,291,-122.944042,38.027163
181,1,1168,5.900000095367432,399,97.19000244140625,-1.5,-113.964405,46.877293
182,1,834,8.800000190734863,426,16.100000381469727,76.75,-117.885015,45.292389
183,1,34,12.899999618530273,969,22.809999465942383,294.5,-122.990995,38.122908
184,1,369,13.300000190734863,1298,26.440000534057617,200.5,-83.891035,36.236936
185,1,112,12.899999618530273,1013,44.439998626708984,293.5,-122.909498,38.044809
186,1,2486,8.5,555,48.619998931884766,90,-105.65995,32.960062
187,1,1554,9.100000381469727,379,11.4399995803833,105.25,-105.158058,40.407882
188,1,146,13.100000381469727,1004,44.90999984741211,300,-122.816235,38.092046
189,1,1912,0.20000000298023224,698,90.910003662109375,-186.25,-114.566373,49.687292
190,1,2375,4.5,528,29.100000381469727,-45.25,-107.144902,37.253694
191,1,455,3.799999952316284,832,6.800000190734863,-1.5,-90.933918,46.176151
192,1,2670,7.5,603,40.77000045776367,63,-105.710137,32.959117
193,1,212,10.899999618530273,1646,79.19000244140625,238.5,-124.038481,41.323261
194,1,767,11.899999618530273,1471,72.04000091552734,155.75,-83.328163,35.439571
195,1,1011,8,240,27.6299991607666,71.75,-121.052127,44.193653
196,1,2335,9.300000190734863,514,45.279998779296875,112,-105.571337,32.917928
197,1,416,7.800000190734863,1980,111.08999633789062,106,-124.326797,48.910222
198,1,2354,5.099999904632568,459,71.910003662109375,-24,-105.353094,39.955412
199,1,146,13.100000381469727,1004,44.90999984741211,300,-122.822767,38.126817
200,1,7,10.399999618530273,1979,19.350000381469727,218,-123.973662,46.204443
201,1,1864,4.099999904632568,475,114.58000183105469,-42.5,-110.79953,45.127506
202,1,97,17.700000762939453,153,0.9300000071525574,342.5,-119.312232,35.380843
203,1,828,8.800000190734863,539,26.799999237060547,76.25,-117.941002,45.479134
204,1,1157,2.4000000953674316,486,79.720001220703125,-119.75,-118.053039,52.911155
205,1,552,12.100000381469727,1381,54,163,-84.221355,36.47976
206,1,19,15.399999618530273,437,5.840000152587891,302,-121.90762,38.196722
207,1,11,10.5,1941,8.140000343322754,221,-123.948625,46.164336
208,1,212,10.899999618530273,1646,79.19000244140625,238.5,-124.039772,41.322206
209,1,87,13,987,37.06999969482422,296,-122.839568,38.136874
210,1,30,10.399999618530273,1989,16.420000076293945,215,-123.875888,46.14198
211,1,11,10.5,1941,8.140000343322754,221,-123.948503,46.164392
212,1,7,10.399999618530273,1979,19.350000381469727,218,-123.961388,46.182728
213,1,278,15.5,1147,21.059999465942383,273.75,-94.920768,35.609326
214,1,7,10.399999618530273,1979,19.350000381469727,218,-123.961388,46.18272
215,1,11,10.5,1941,8.140000343322754,221,-123.94863,46.1642
216,1,7,10.399999618530273,1979,19.350000381469727,218,-123.960747,46.183022
217,1,2042,2.799999952316284,523,125.05000305175781,-81.75,-110.772939,45.071115
218,1,1011,8,240,27.6299991607666,71.75,-121.044907,44.195588
219,1,1011,8,240,27.6299991607666,71.75,-121.044907,44.195588
220,1,7,10.399999618530273,1979,19.350000381469727,218,-123.961412,46.182737
221,1,7,10.399999618530273,1979,19.350000381469727,218,-123.961442,46.182747
222,1,2042,2.799999952316284,523,125.05000305175781,-81.75,-110.77406,45.071374
223,1,1168,5.900000095367432,399,97.19000244140625,-1.5,-113.964302,46.878155
224,1,2346,9,511,62.619998931884766,97,-105.668257,33.34825
225,1,7,10.399999618530273,1979,19.350000381469727,218,-123.960975,46.182762
226,1,1943,3.5999999046325684,468,110.1500015258789,-57.25,-110.749216,45.044256
227,1,1943,3.5999999046325684,468,110.1500015258789,-57.25,-110.682061,45.040383
228,1,1168,5.900000095367432,399,97.19000244140625,-1.5,-113.964302,46.878155
229,1,1836,8.600000381469727,440,42.939998626708984,89.25,-105.08898,39.52615
230,1,822,13.699999809265137,624,73.88999938964844,284,-121.655317,37.279461
231,1,7,10.399999618530273,1979,19.350000381469727,218,-123.961578,46.182737
232,1,2042,2.799999952316284,523,125.05000305175781,-81.75,-110.773286,45.0713
233,1,1169,6.599999904632568,484,34.790000915527344,10.5,-118.078317,45.023556
234,1,2346,9,511,62.619998931884766,97,-105.66703,33.34647
235,1,11,10.5,1941,8.140000343322754,221,-123.948722,46.164314
236,1,1168,5.900000095367432,399,97.19000244140625,-1.5,-113.964302,46.878155
237,1,42,16.5,227,3.509999990463257,313.75,-120.894968,37.063703
238,1,1168,5.900000095367432,399,97.19000244140625,-1.5,-113.964302,46.878155
239,1,212,10.899999618530273,1646,79.19000244140625,238.5,-124.041703,41.321363
240,1,2042,2.799999952316284,523,125.05000305175781,-81.75,-110.772774,45.071251
241,1,2042,2.799999952316284,523,125.05000305175781,-81.75,-110.773476,45.071297
242,1,1168,5.900000095367432,399,97.19000244140625,-1.5,-113.964302,46.878155
243,1,28,16.600000381469727,239,1.0199999809265137,314.25,-120.88884,37.084863
244,1,1168,5.900000095367432,399,97.19000244140625,-1.5,-113.968765,46.87352
245,1,1168,5.900000095367432,399,97.19000244140625,-1.5,-113.964302,46.878155
246,1,1943,3.5999999046325684,468,110.1500015258789,-57.25,-110.69368,45.037546
247,1,464,14.800000190734863,478,58.959999084472656,295,-121.388691,37.228279
248,1,1870,-0.6000000238418579,601,167.75999450683594,-208.75,-115.343208,51.083289
249,1,438,14.300000190734863,652,61.18000030517578,267,-122.35884,39.013015
250,1,717,1.7999999523162842,449,4.590000152587891,-81.5,-112.826217,53.646655
251,1,105,10.699999809265137,1417,15.140000343322754,188,-123.416172,45.072564
252,1,NA,NA,NA,NA,NA,-106.391109,53.958709
253,1,109,9.899999618530273,2275,65.779998779296875,209,-123.929671,45.716443
254,1,1555,12.199999809265137,366,140.58999633789062,194,-112.937256,37.215703
255,1,2294,5.300000190734863,462,56.61000061035156,-17.5,-105.328856,39.636264
256,1,2099,7.699999809265137,413,103.30000305175781,56,-112.152961,36.0573
257,1,212,10.899999618530273,1646,79.19000244140625,238.5,-124.040426,41.321312
258,1,1967,7.699999809265137,446,56.97999954223633,58.75,-105.202744,39.740488
259,1,43,15.800000190734863,453,6.199999809265137,297,-122.230164,39.164601
260,1,1826,-0.5,583,146.22999572753906,-204.75,-115.594173,51.180771
261,1,156,9.100000381469727,3315,69.80000305175781,153,-123.861927,47.459641
262,1,159,11,1734,50.04999923706055,240.5,-124.067937,41.385586000000004
263,1,728,8.699999809265137,506,55.81999969482422,75.75,-117.314815,46.617461
264,1,669,2.200000047683716,492,6.409999847412109,-81.75,-114.291346,53.91905
265,1,1177,2.200000047683716,490,108.06999969482422,-125,-118.044182,52.917854
266,1,662,7.599999904632568,379,55.689998626708984,35.75,-120.811532,46.728047
267,1,799,7,505,60.470001220703125,23.5,-120.879577,46.543082
268,1,748,8.800000190734863,483,113.05000305175781,76.25,-117.313508,46.027875
269,1,1777,11.5,641,71.62000274658203,172.75,-111.447897,34.370724
270,1,83,11.300000190734863,1119,6.559999942779541,200,-123.330072,44.410822
271,1,112,12.899999618530273,1013,44.439998626708984,293.5,-122.857217,38.041706
272,1,87,13,987,37.06999969482422,296,-122.833532,38.09159
273,1,1953,2.5999999046325684,471,36.72999954223633,-88.5,-110.730928,43.517503
274,1,215,9.600000381469727,1818,62.06999969482422,158,-121.80648,47.52007
275,1,723,1.7999999523162842,453,4.570000171661377,-81.5,-112.855592,53.639817
276,1,1554,9.100000381469727,379,11.4399995803833,105.25,-105.162903,40.411342
277,1,2356,9.199999809265137,535,77.69000244140625,107,-105.81652,32.95467
278,1,11,10.5,1941,8.140000343322754,221,-123.933727,46.107793
279,1,723,1.7999999523162842,453,4.570000171661377,-81.5,-112.858978,53.621933
280,1,915,3.5,563,65.80000305175781,-84.5,-115.970878,50.425858
281,1,1177,2.200000047683716,490,108.06999969482422,-125,-118.042528,52.919568
282,1,2539,3.5999999046325684,556,45.900001525878906,-74,-107.102772,37.379059
283,1,NA,NA,NA,NA,NA,-124.290202,43.116306
284,1,10,15.300000190734863,471,8.90999984741211,305,-121.936074,38.175994
285,1,748,8.800000190734863,483,113.05000305175781,76.25,-117.3135,46.027847
286,1,50,13.300000190734863,967,25.889999389648438,299,-122.903015,38.267073
287,1,1777,11.5,641,71.62000274658203,172.75,-111.49439,34.405931
288,1,138,9.899999618530273,2233,57.790000915527344,210,-123.959403,45.899022
289,1,NA,NA,NA,NA,NA,-124.239063,54.608411
290,1,2109,8.899999618530273,513,12.880000114440918,86.25,-110.727584,34.44596
291,1,1907,10.800000190734863,339,10.960000038146973,137.25,-105.87009,34.51994
292,1,10,15.300000190734863,471,8.90999984741211,305,-121.949316,38.182293
293,1,282,8.800000190734863,1389,83.470001220703125,128,-122.186936,48.706722
294,1,240,15.300000190734863,1134,14.579999923706055,270.75,-94.968646,35.895276
295,1,426,12.800000190734863,787,6.170000076293945,229.25,-97.553646,38.592709
296,1,590,7.300000190734863,2774,168.4499969482422,102,-123.93542,47.857274
297,1,282,8.800000190734863,1389,83.470001220703125,128,-122.186682,48.706655
298,1,NA,NA,NA,NA,NA,-106.096456,53.918591
299,1,1996,3.0999999046325684,442,94.4800033569336,-77,-114.33936,43.606128
300,1,282,8.800000190734863,1389,83.470001220703125,128,-122.186657,48.70668
301,1,1365,5,408,99.05999755859375,-29.5,-114.105973,46.700687
302,1,2073,6.800000190734863,629,121.16999816894531,46.5,-112.204315,40.519157
303,1,1168,5.900000095367432,399,97.19000244140625,-1.5,-113.959804,46.878059
304,1,454,14.5,621,61.09000015258789,306,-121.722179,37.326015
305,1,1907,10.800000190734863,339,10.960000038146973,137.25,-105.87009,34.51994
306,1,1168,5.900000095367432,399,97.19000244140625,-1.5,-113.964075,46.877619
307,1,970,3.4000000953674316,567,89.7699966430664,-86.5,-115.908661,50.366306
308,1,175,8.800000190734863,1366,39.90999984741211,134,-123.750409,48.816921
309,1,1093,6.599999904632568,482,39.650001525878906,14.25,-119.017042,45.316302
310,1,520,13.800000190734863,1197,69.970001220703125,225.25,-93.40162,35.98681
311,1,1288,16.600000381469727,403,35.66999816894531,306,-102.788795,30.199441
312,1,1168,5.900000095367432,399,97.19000244140625,-1.5,-113.959804,46.878059
313,1,1168,5.900000095367432,399,97.19000244140625,-1.5,-113.95929,46.878026
314,1,1168,5.900000095367432,399,97.19000244140625,-1.5,-113.959547,46.87796
315,1,2224,5.900000095367432,460,67.80000305175781,0,-105.324166,39.793527
316,1,2486,8.5,555,48.619998931884766,90,-105.663736,32.960731
317,1,193,9.300000190734863,2535,53.47999954223633,193,-123.934658,45.394669
318,1,285,9.800000190734863,1571,52.90999984741211,160,-122.94495,45.751022
319,1,705,12.100000381469727,1462,65.13999938964844,161.25,-83.398298,35.417791
320,1,222,12.800000190734863,1057,63.290000915527344,294,-122.791121,37.97271
321,1,729,14.199999809265137,561,55.150001525878906,285,-121.486736,37.37687
322,1,2670,7.5,603,40.77000045776367,63,-105.668641,32.962247
323,1,108,10,1828,62.880001068115234,171,-123.327587,46.1052
324,1,1234,9.699999809265137,1678,108.93000030517578,94.25,-83.21303,35.504085
325,1,2099,7.699999809265137,413,103.30000305175781,56,-112.084341,36.051405
326,1,31,12.699999809265137,970,22.299999237060547,291,-122.922324,38.054905
327,1,793,9,456,128.39999389648438,85.5,-116.806163,45.685316
328,1,212,10.899999618530273,1646,79.19000244140625,238.5,-124.041411,41.32127
329,1,2166,8.5,623,23.020000457763672,81,-111.407369,34.743354
330,1,1036,14.199999809265137,333,85.75,265,-118.677864,35.085803
331,1,2099,7.699999809265137,413,103.30000305175781,56,-112.083694,36.052075
332,1,2618,5.199999809265137,542,51.90999984741211,-9.25,-112.164949,36.251522
333,1,2756,2.0999999046325684,532,130.41000366210938,-114.25,-105.626647,40.399197
334,1,1786,10.600000381469727,397,38.119998931884766,141.25,-103.694197,36.916888
335,1,1665,12.399999618530273,159,31.040000915527344,205.25,-110.940545,36.822722
336,1,691,14,644,78.54000091552734,294,-121.735517,37.361
337,1,2388,5,430,73.339996337890625,-26.75,-107.72226,38.513351
338,1,2437,4.599999904632568,429,76.94999694824219,-33.5,-105.480338,40.367512
339,1,1168,5.900000095367432,399,97.19000244140625,-1.5,-113.959671,46.877877
340,1,215,9.600000381469727,1818,62.06999969482422,158,-121.773351,47.521913
341,1,2670,7.5,603,40.77000045776367,63,-105.710394,32.959037
342,1,1144,10.100000381469727,1661,109.16000366210938,104.5,-83.394186,35.547458
343,1,2356,9.199999809265137,535,77.69000244140625,107,-105.82547,32.951462
344,1,69,13.5,909,24.309999465942383,300,-122.813702,38.273905
345,1,431,4,828,4.28000020980835,4.25,-90.971118,45.926919
346,1,106,10.199999809265137,2151,34.709999084472656,218,-123.974495,45.919388
347,1,1157,2.4000000953674316,486,79.720001220703125,-119.75,-118.072219,52.872728
348,1,34,12.899999618530273,969,22.809999465942383,294.5,-122.935433,38.119898
349,1,410,14.100000381469727,1171,52.560001373291016,235,-93.184158,36.010692
350,1,2099,7.699999809265137,413,103.30000305175781,56,-112.118264,36.045231
351,1,170,15.800000190734863,1105,10.829999923706055,285.5,-95.168962,35.620153
352,1,2437,4.599999904632568,429,76.94999694824219,-33.5,-105.496247,40.382013
353,1,7,10.399999618530273,1979,19.350000381469727,218,-123.925456,46.187723
354,1,212,10.899999618530273,1646,79.19000244140625,238.5,-124.038126,41.322793
355,1,7,10.399999618530273,1979,19.350000381469727,218,-123.925456,46.187723
356,1,69,13.5,909,24.309999465942383,300,-122.819725,38.32329
357,1,7,10.399999618530273,1979,19.350000381469727,218,-123.925456,46.187723
358,1,212,10.899999618530273,1646,79.19000244140625,238.5,-124.040312,41.319915
359,1,282,13.100000381469727,221,75.970001220703125,306,-121.223982,35.730536
360,1,7,10.399999618530273,1979,19.350000381469727,218,-123.919917,46.178632
361,1,1671,13.300000190734863,271,28.440000534057617,209.25,-107.316672,33.476437
362,1,2356,9.199999809265137,535,77.69000244140625,107,-105.799483,32.960687
363,1,1814,12.5,401,59.29999923706055,193.5,-105.912697,32.953647
364,1,34,12.899999618530273,969,22.809999465942383,294.5,-122.983167,38.154006
365,1,27,16.5,251,0.4300000071525574,312.75,-120.826799,37.171807
366,1,165,10.5,1586,41.959999084472656,181,-123.436759,44.701032
367,1,1168,5.900000095367432,399,97.19000244140625,-1.5,-113.959671,46.877877
368,1,2006,2.200000047683716,513,24.510000228881836,-99.5,-110.709368,43.596688
369,1,200,15.800000190734863,294,46.95000076293945,305,-121.108611,37.03112
370,1,1651,0.4000000059604645,550,126.69000244140625,-175.75,-115.576447,51.177897
371,1,1930,9.699999809265137,237,26.8799991607666,118.25,-107.955924,36.053
372,1,784,7.900000095367432,554,29.559999465942383,51.25,-117.217629,47.522169
373,1,212,10.899999618530273,1646,79.19000244140625,238.5,-124.045005,41.323025
374,1,164,10.399999618530273,2227,44.779998779296875,225,-124.029311,44.412317
375,1,124,9.899999618530273,1307,73.589996337890625,163,-124.001863,49.745447
376,1,714,6.699999809265137,2677,200.41000366210938,86,-123.836736,47.860563
377,1,1482,6.400000095367432,332,41.70000076293945,24,-109.230464,44.935752
378,1,279,8.100000381469727,2537,117.4000015258789,137,-124.991958,48.888642
379,1,2099,7.699999809265137,413,103.30000305175781,56,-112.113861,36.047536
380,1,1234,9.699999809265137,1678,108.93000030517578,94.25,-83.214607,35.513172
381,1,48,12.899999618530273,992,29.84000015258789,294,-122.990933,38.213781
382,1,48,12.899999618530273,992,29.84000015258789,294,-122.999853,38.195477
383,1,298,15.100000381469727,434,48.34000015258789,308,-121.700941,37.634979
384,1,1345,9.199999809265137,1714,105.05999755859375,77,-83.276666,35.59103
385,1,371,10.600000381469727,740,7.510000228881836,186.25,-96.776667,40.774424
386,1,884,11.199999809265137,1488,95.410003662109375,136.75,-83.321005,35.555286
387,1,1594,0.699999988079071,564,111.55999755859375,-170,-115.345896,51.091303
388,1,443,4,833,4.360000133514404,3.75,-90.876972,46.109478
389,1,2099,7.699999809265137,413,103.30000305175781,56,-112.134894,36.052222
390,1,1085,8.899999618530273,431,63.880001068115234,98.5,-116.040696,43.557815
391,1,2307,0.800000011920929,539,115.19000244140625,-145,-110.743204,43.479731
392,1,481,15,450,56.84000015258789,292,-121.290317,37.391961
393,1,1235,3.700000047683716,383,64.089996337890625,-79,-120.671696,50.011284
394,1,1591,0.699999988079071,581,144.08999633789062,-170.75,-115.332779,51.063099
395,1,2491,4.099999904632568,441,93.80999755859375,-52,-105.520098,40.378721
396,1,NA,NA,NA,NA,NA,-121.307846,35.718311
397,1,1870,-0.6000000238418579,601,167.75999450683594,-208.75,-115.353362,51.073236
398,1,159,11,1734,50.04999923706055,240.5,-124.025615,41.358534
399,1,2356,9.199999809265137,535,77.69000244140625,107,-105.811733,32.960495
400,1,NA,NA,NA,NA,NA,-83.06568,35.440376
401,1,1356,9.100000381469727,1731,123.91999816894531,74,-83.400721,35.621388
402,1,577,11.800000190734863,1149,48.40999984741211,155.75,-82.141092,37.202799
403,1,497,12.199999809265137,1152,50.720001220703125,168,-82.261092,37.307131
404,1,2117,5.5,339,47.2400016784668,-2.75,-110.738444,40.280758
405,1,7,10.399999618530273,1979,19.350000381469727,218,-123.97928,46.198391
406,1,341,10.600000381469727,1607,78.20999908447266,228,-124.004628,41.214155
407,1,2706,4.699999809265137,614,58.060001373291016,-39.25,-106.460785,35.850302
408,1,1594,0.699999988079071,564,111.55999755859375,-170,-115.364549,51.088007
409,1,353,14,328,43.689998626708984,304,-121.076787,36.005208
410,1,2071,10.5,410,23.459999084472656,135.75,-105.612809,33.565741
411,1,2356,9.199999809265137,535,77.69000244140625,107,-105.758254,32.923504
412,1,2492,-3.700000047683716,660,143.9600067138672,-304.25,-115.928056,51.496846
413,1,295,9.100000381469727,2277,44.5099983215332,164,-123.545941,45.944089
414,1,2680,7.599999904632568,600,73.13999938964844,66,-105.762699,32.913613
415,1,1062,7.699999809265137,558,77.55000305175781,57.75,-115.94485,44.08534
416,1,2680,7.599999904632568,600,73.13999938964844,66,-105.782994,32.865858
417,1,244,8.899999618530273,2760,50.11000061035156,152,-124.305939,48.065947
418,1,2356,9.199999809265137,535,77.69000244140625,107,-105.759237,32.925
419,1,2680,7.599999904632568,600,73.13999938964844,66,-105.757705,32.912274
420,1,1814,12.5,401,59.29999923706055,193.5,-105.861126,32.935648
421,1,2680,7.599999904632568,600,73.13999938964844,66,-105.783285,32.864871
422,1,1896,7.800000190734863,406,71.86000061035156,60.5,-105.290843,40.25584
423,1,2099,7.699999809265137,413,103.30000305175781,56,-112.109367,36.0619
424,1,1729,3.5999999046325684,574,132.32000732421875,-68.5,-115.748437,44.072102
425,1,1432,7.199999809265137,403,13.680000305175781,61.5,-103.713259,42.564889
426,1,159,11,1734,50.04999923706055,240.5,-124.067139,41.393588
427,1,2356,9.199999809265137,535,77.69000244140625,107,-105.824119,32.938631
428,1,1175,9.899999618530273,1536,111.8499984741211,98.5,-83.130038,35.718838
429,1,2491,4.099999904632568,441,93.80999755859375,-52,-105.53614,40.367088
430,1,1436,3.299999952316284,572,63.61000061035156,-86.5,-113.845054,49.097764
431,1,11,10.5,1941,8.140000343322754,221,-123.932755,46.148597
432,1,2670,7.5,603,40.77000045776367,63,-105.733488,32.926885
433,1,1526,4.800000190734863,601,110.33999633789062,-30.75,-116.080117,44.103533
434,1,2356,9.199999809265137,535,77.69000244140625,107,-105.825523,32.939787
435,1,627,15.300000190734863,608,9.149999618530273,280.25,-99.906349,35.132482
436,1,753,4.599999904632568,329,3.1700000762939453,-0.75,-111.263698,50.2445
437,1,2091,4,297,25.65999984741211,-45.75,-110.93318,41.25998
438,1,2356,9.199999809265137,535,77.69000244140625,107,-105.760997,32.929519
439,1,244,8.899999618530273,2760,50.11000061035156,152,-124.30573,48.065651
440,1,159,11,1734,50.04999923706055,240.5,-124.059703,41.400262
441,1,1870,-0.6000000238418579,601,167.75999450683594,-208.75,-115.352017,51.076209
442,1,2491,4.099999904632568,441,93.80999755859375,-52,-105.551437,40.364188
443,1,2356,9.199999809265137,535,77.69000244140625,107,-105.793229,32.959776
444,1,2680,7.599999904632568,600,73.13999938964844,66,-105.78369000000001,32.85506
445,1,1168,5.900000095367432,399,97.19000244140625,-1.5,-113.962731,46.878572
446,1,290,15.399999618530273,1146,26.440000534057617,269.75,-94.846759,35.679584
447,1,2356,9.199999809265137,535,77.69000244140625,107,-105.790397,32.960205
448,1,2223,5.400000095367432,491,42.04999923706055,-18.25,-107.061139,37.220684
449,1,2346,9,511,62.619998931884766,97,-105.667815,33.346541
450,1,688,7,921,50.900001525878906,24.75,-121.012224,47.193281
451,1,2356,9.199999809265137,535,77.69000244140625,107,-105.797455,32.963463
452,1,2680,7.599999904632568,600,73.13999938964844,66,-105.806488,32.850132
453,1,2486,8.5,555,48.619998931884766,90,-105.622244,32.929419
454,1,2356,9.199999809265137,535,77.69000244140625,107,-105.797356,32.961079
455,1,159,11,1734,50.04999923706055,240.5,-124.02205,41.362122
456,1,1953,2.5999999046325684,471,36.72999954223633,-88.5,-110.724967,43.50105
457,1,146,13.100000381469727,1004,44.90999984741211,300,-122.822025,38.111272
458,1,122,13.100000381469727,996,52.43000030517578,299.5,-122.812729,38.074903
459,1,2670,7.5,603,40.77000045776367,63,-105.742354,32.950719
460,1,31,12.699999809265137,970,22.299999237060547,291,-122.964068,38.027504
461,1,2680,7.599999904632568,600,73.13999938964844,66,-105.780872,32.884563
462,1,2680,7.599999904632568,600,73.13999938964844,66,-105.788246,32.841646
463,1,102,13,1005,35.880001068115234,297,-122.86695,38.176414
464,1,1144,10.100000381469727,1661,109.16000366210938,104.5,-83.364878,35.530599
465,1,658,7.800000190734863,1757,119.9000015258789,77,-121.66543,46.608014
466,1,2670,7.5,603,40.77000045776367,63,-105.690938,32.963048
467,1,1651,0.4000000059604645,550,126.69000244140625,-175.75,-115.58224,51.172908
468,1,1104,6.900000095367432,490,42.13999938964844,36.25,-116.896599,44.453948
469,1,1703,6.199999809265137,382,44.63999938964844,21.75,-112.83048,42.3963
470,1,2145,7.5,425,19.90999984741211,50.5,-112.029943,35.985008
471,1,2486,8.5,555,48.619998931884766,90,-105.594644,32.930347
472,1,2670,7.5,603,40.77000045776367,63,-105.718503,32.958174
473,1,161,12.899999618530273,1166,36.470001220703125,289,-122.926773,38.368187
474,1,1503,8.300000190734863,1365,114.58999633789062,135,-122.947108,39.583188
475,1,1580,7.400000095367432,325,27.75,65.25,-105.472205,42.700278
476,1,1071,5.199999809265137,784,116.58999633789062,-25.75,-117.270251,49.087967
477,1,429,9.199999809265137,2550,109.69999694824219,134,-122.252673,46.065542
478,1,273,15.600000381469727,362,39.2400016784668,299,-121.236189,37.384929
479,1,890,9.800000190734863,1205,126.62999725341797,147,-123.423827,41.486934
480,1,1209,2.799999952316284,476,17.979999542236328,-101.75,-114.302187,50.84
481,1,714,8.100000381469727,655,23.489999771118164,59.25,-116.838422,47.675253
482,1,1429,7.199999809265137,348,29.81999969482422,43.25,-117.094664,43.15026
483,1,706,7.199999809265137,420,34.540000915527344,26.25,-120.613975,47.123395
484,1,108,10.100000381469727,2461,74.2300033569336,213,-124.004759,45.054669
485,1,362,11.399999618530273,1671,62.38999938964844,233,-123.831502,39.773229
486,1,1956,2.9000000953674316,455,57.630001068115234,-79.5,-110.753425,43.482453
487,1,2993,0.800000011920929,596,104.44000244140625,-147.25,-105.565776,40.574323
488,1,2307,0.800000011920929,539,115.19000244140625,-145,-110.748052,43.496672
489,1,2356,9.199999809265137,535,77.69000244140625,107,-105.793992,32.938872
490,1,2670,7.5,603,40.77000045776367,63,-105.693755,32.961536
491,1,2486,8.5,555,48.619998931884766,90,-105.59243,32.928862
492,1,97,17.700000762939453,153,0.9300000071525574,342.5,-119.296772,35.383387
493,1,693,7.800000190734863,2349,91.160003662109375,84,-121.99829,46.086922
494,1,2099,7.699999809265137,413,103.30000305175781,56,-112.106789,36.058708
495,1,2486,8.5,555,48.619998931884766,90,-105.664889,32.961039
496,1,1651,0.4000000059604645,550,126.69000244140625,-175.75,-115.572187,51.173465
497,1,1651,0.4000000059604645,550,126.69000244140625,-175.75,-115.575508,51.176945
498,1,291,9.5,1738,39.209999084472656,156,-123.11654,45.87662
499,1,1104,6.900000095367432,490,42.13999938964844,36.25,-116.899182,44.450464
500,1,2335,6.099999904632568,248,10.109999656677246,5,-105.647576,37.682963
501,0,195,18.899999618530273,851,8.210000038146973,358,-97.45833333333334,31.125
502,0,26,21.299999237060547,868,2.5899999141693115,452,-97.04166666666667,28.791666666666668
503,0,194,12,1047,15.470000267028809,168.5,-82.125,38.875
504,0,2138,6.900000095367432,265,64.87000274658203,41.25,-118.54166666666667,37.70833333333333
505,0,1966,-1.2000000476837158,807,187.52999877929688,-226.25,-116.79166666666667,50.95833333333333
506,0,1554,9.399999618530273,344,7.800000190734863,127.75,-112.29166666666667,40.20833333333333
507,0,345,5.900000095367432,820,3.8399999141693115,55,-91.04166666666667,45.20833333333333
508,0,180,4.800000190734863,814,5.559999942779541,1,-90.54166666666667,46.791666666666664
509,0,59,16.399999618530273,1276,1.909999966621399,293.75,-91.29166666666667,34.45833333333333
510,0,606,6.599999904632568,417,11.119999885559082,104.25,-101.04166666666667,45.791666666666664
511,0,1516,15.600000381469727,332,42.2599983215332,278,-104.375,30.708333333333332
512,0,439,6.699999809265137,693,1.75,104.5,-95.45833333333334,43.791666666666664
513,0,568,2.700000047683716,379,2.200000047683716,5.25,-104.79166666666667,50.45833333333333
514,0,1893,4.900000095367432,500,44.34000015258789,-14,-120.79166666666667,42.45833333333333
515,0,2494,0.4000000059604645,430,85.41999816894531,-156.5,-112.54166666666667,44.45833333333333
516,0,401,12.699999809265137,726,5.170000076293945,233.25,-97.79166666666667,38.95833333333333
517,0,39,11.300000190734863,1018,5.320000171661377,196,-123.04166666666667,45.125
518,0,500,16.100000381469727,634,8.09000015258789,303.5,-99.54166666666667,34.79166666666667
519,0,1512,7,342,14.34000015258789,56.25,-106.125,43.625
520,0,56,18.5,1537,7.349999904632568,359.75,-91.20833333333334,31.375
521,0,244,8,832,3.009999990463257,69.5,-84.95833333333334,43.20833333333333
522,0,1810,11.100000381469727,213,88.33000183105469,159.25,-117.45833333333333,36.541666666666664
523,0,1466,16.100000381469727,255,36.13999938964844,291,-106.29166666666667,31.291666666666668
524,0,847,1.7999999523162842,577,19.709999084472656,-114.25,-115.95833333333333,54.12499999999999
525,0,1359,8.199999809265137,546,38.65999984741211,71.75,-121.20833333333333,41.041666666666664
526,0,1583,6.900000095367432,305,15.260000228881836,35.75,-116.79166666666667,42.20833333333333
527,0,2670,0,499,165.6699981689453,-173.5,-109.70833333333333,43.95833333333333
528,0,179,6.400000095367432,764,5.550000190734863,21.5,-87.04166666666667,45.125
529,0,288,12.600000381469727,1213,43.540000915527344,183.5,-83.95833333333334,37.625
530,0,253,4,488,0.6899999976158142,55.25,-97.29166666666667,48.041666666666664
531,0,360,15.300000190734863,384,64.41999816894531,296,-121.20833333333333,37.20833333333333
532,0,364,10.800000190734863,338,15.5600004196167,142.5,-118.45833333333333,46.375
533,0,579,5,440,6.360000133514404,73,-99.375,46.791666666666664
534,0,899,8.5,530,7.429999828338623,107.5,-100.54166666666667,42.45833333333333
535,0,236,11.100000381469727,1021,13.65999984741211,143,-82.125,39.291666666666664
536,0,685,6.099999904632568,657,191.44000244140625,-8,-122.45833333333333,50.541666666666664
537,0,217,14.300000190734863,1093,16.18000030517578,242.5,-92.70833333333334,36.45833333333333
538,0,1004,4.300000190734863,426,4.28000020980835,-53,-113.45833333333333,50.041666666666664
539,0,269,15.699999809265137,1012,8.039999961853027,281.75,-96.20833333333334,35.45833333333333
540,0,809,9.399999618530273,301,25.079999923706055,118,-117.20833333333333,44.125
541,0,718,17.799999237060547,130,31.540000915527344,368,-114.875,36.791666666666664
542,0,162,19.299999237060547,876,4.429999828338623,370.75,-97.125,31.125
543,0,165,20.100000381469727,856,6.619999885559082,403.5,-97.79166666666667,29.625
544,0,1034,5.699999809265137,493,67.13999938964844,-16.75,-120.375,47.125
545,0,1283,14.100000381469727,401,2.240000009536743,226.25,-103.54166666666667,33.375
546,0,1231,3.799999952316284,428,58.83000183105469,-76.75,-121.625,50.70833333333333
547,0,479,12.800000190734863,1142,42.09000015258789,184.25,-82.70833333333334,36.625
548,0,121,22.100000381469727,539,4.75,461.25,-99.04166666666667,27.958333333333336
549,0,308,13.100000381469727,1009,8.460000038146973,218.75,-95.20833333333334,38.291666666666664
550,0,292,8.699999809265137,862,7.420000076293945,130,-93.20833333333334,41.875
551,0,1797,7.400000095367432,301,45.619998931884766,59.5,-116.375,41.041666666666664
552,0,1805,10.199999809265137,225,20.90999984741211,134.25,-116.125,37.70833333333333
553,0,353,8.300000190734863,895,4.300000190734863,72,-84.54166666666667,41.95833333333333
554,0,254,8.399999618530273,766,2.7899999618530273,77.25,-83.875,42.875
555,0,2105,9.5,302,34.93000030517578,112.5,-110.04166666666667,36.20833333333333
556,0,830,18.100000381469727,398,20.959999084472656,337,-101.95833333333334,31.125
557,0,219,10.300000190734863,996,2.759999990463257,128.75,-87.125,40.20833333333333
558,0,2489,1.7000000476837158,498,32.16999816894531,-108.5,-106.95833333333334,44.125
559,0,710,5.699999809265137,295,8.479999542236328,64,-106.95833333333334,48.125
560,0,816,8.199999809265137,498,7.019999980926514,116,-100.54166666666667,43.125
561,0,680,1.7999999523162842,359,3.630000114440918,-32,-109.375,52.041666666666664
562,0,1479,12.5,332,93.279998779296875,204.25,-113.79166666666667,37.041666666666664
563,0,628,6.199999809265137,350,9.289999961853027,77,-104.375,47.45833333333333
564,0,140,21.600000381469727,660,5.960000038146973,458,-98.29166666666667,27.958333333333336
565,0,79,15.399999618530273,1251,2.5999999046325684,274,-90.45833333333334,36.041666666666664
566,0,1414,10.5,146,43.27000045776367,149.5,-118.125,39.375
567,0,1884,8,170,60.09000015258789,67,-118.54166666666667,38.70833333333333
568,0,465,12.699999809265137,1173,41.7599983215332,182,-82.875,36.625
569,0,1006,2.200000047683716,576,13.199999809265137,-117,-116.70833333333333,53.70833333333333
570,0,77,15,1243,0.3400000035762787,262.75,-89.875,36.20833333333333
571,0,181,15.800000190734863,961,13.8100004196167,283,-94.20833333333334,35.20833333333333
572,0,1371,16.299999237060547,259,7.659999847412109,295.75,-105.70833333333334,30.291666666666668
573,0,1793,-1.2000000476837158,809,231.6699981689453,-225,-120.54166666666667,54.041666666666664
574,0,1040,4.900000095367432,2070,199.99000549316406,-4,-121.45833333333333,48.041666666666664
575,0,909,8.5,542,13.239999771118164,108.25,-100.54166666666667,41.791666666666664
576,0,1215,4.699999809265137,2518,145.35000610351562,6,-121.79166666666667,47.041666666666664
577,0,2101,0.800000011920929,682,81.88999938964844,-159.5,-115.29166666666667,45.375
578,0,997,10,522,5.650000095367432,148,-101.29166666666667,39.875
579,0,821,10.600000381469727,256,27.149999618530273,156.25,-115.29166666666667,42.95833333333333
580,0,135,21.299999237060547,607,3.4100000858306885,437.5,-98.875,28.625
581,0,42,18.600000381469727,1386,5.420000076293945,355.75,-93.54166666666667,31.041666666666668
582,0,250,13.199999809265137,1058,16.399999618530273,215,-92.875,38.041666666666664
583,0,553,6,525,3.1700000762939453,96.25,-97.45833333333334,45.375
584,0,891,8.300000190734863,431,14.050000190734863,108.25,-103.04166666666667,44.291666666666664
585,0,1895,10.199999809265137,453,20.56999969482422,128.25,-111.20833333333333,34.95833333333333
586,0,263,10.199999809265137,1001,16.8799991607666,121,-82.125,40.125
587,0,173,8.800000190734863,951,0.12999999523162842,83.75,-81.20833333333334,42.20833333333333
588,0,680,3.5,361,4.409999847412109,7.5,-106.54166666666667,50.45833333333333
589,0,175,11.300000190734863,917,5.090000152587891,166,-89.79166666666667,39.95833333333333
590,0,1364,8,249,14.239999771118164,64.25,-120.20833333333333,43.041666666666664
591,0,3275,0,822,138.8699951171875,-180,-107.54166666666667,37.541666666666664
592,0,64,18.899999618530273,1195,5.130000114440918,371.5,-94.70833333333334,31.041666666666668
593,0,186,14.300000190734863,666,42.290000915527344,322,-122.20833333333333,37.95833333333333
594,0,1168,7.300000190734863,260,40.15999984741211,46.5,-120.70833333333333,44.041666666666664
595,0,320,6.099999904632568,817,10.989999771118164,72.5,-91.70833333333334,45.20833333333333
596,0,198,11.100000381469727,964,5.5,176.25,-91.70833333333334,40.125
597,0,804,4.199999809265137,303,7.679999828338623,13.25,-107.54166666666667,48.875
598,0,394,13.800000190734863,1147,9.630000114440918,225,-94.375,36.375
599,0,1082,17,281,3.4800000190734863,323.75,-109.375,32.375
600,0,1565,5.699999809265137,485,87.470001220703125,3.25,-115.45833333333333,43.375
601,0,100,19.899999618530273,1050,5.260000228881836,398.25,-96.375,29.875
602,0,586,13.399999618530273,641,1.9199999570846558,237.5,-98.79166666666667,38.041666666666664
603,0,126,14.300000190734863,1344,6.519999980926514,233.75,-88.20833333333334,36.291666666666664
604,0,1231,3.9000000953674316,633,204.97999572753906,-77.25,-121.95833333333333,50.291666666666664
605,0,1684,4.800000190734863,446,26.600000381469727,-31.5,-110.04166666666667,46.20833333333333
606,0,542,7.900000095367432,455,4.139999866485596,141.5,-100.20833333333334,44.45833333333333
607,0,1050,1.600000023841858,583,24.209999084472656,-138.5,-118.125,54.37499999999999
608,0,1491,13.699999809265137,485,54.72999954223633,231.75,-110.29166666666667,33.54166666666667
609,0,675,3.200000047683716,345,16.440000534057617,-2.5,-107.04166666666667,50.70833333333333
610,0,2307,5.900000095367432,404,47.40999984741211,-0.5,-112.45833333333333,37.45833333333333
611,0,263,7.800000190734863,831,4.909999847412109,64.75,-84.95833333333334,43.291666666666664
612,0,635,1.7999999523162842,433,3.259999990463257,-17,-101.95833333333334,49.95833333333333
613,0,1271,17.200000762939453,228,10.130000114440918,322.25,-106.45833333333334,31.375
614,0,2116,6.900000095367432,288,53.59000015258789,34,-115.79166666666667,38.791666666666664
615,0,2135,4.599999904632568,260,13.800000190734863,-13.5,-108.29166666666667,42.375
616,0,996,1.7999999523162842,526,8.59000015258789,-129.25,-115.04166666666667,52.37499999999999
617,0,1733,10.800000190734863,403,13.170000076293945,143,-103.54166666666667,36.45833333333333
618,0,294,10.699999809265137,193,17.049999237060547,136.75,-119.29166666666667,46.70833333333333
619,0,1536,12.600000381469727,350,36.54999923706055,205.75,-113.125,36.95833333333333
620,0,1451,7.699999809265137,328,6.429999828338623,79.5,-105.29166666666667,43.20833333333333
621,0,191,11.899999618530273,1045,19.56999969482422,167.75,-82.875,38.70833333333333
622,0,1059,14.399999618530273,481,2.430000066757202,243.25,-101.875,34.20833333333333
623,0,354,12.399999618530273,1243,15.210000038146973,175,-83.875,37.291666666666664
624,0,545,9.300000190734863,401,20.920000076293945,89,-117.70833333333333,46.95833333333333
625,0,2995,1,559,58.72999954223633,-147.25,-105.125,38.70833333333333
626,0,798,6.5,320,9.760000228881836,71,-106.70833333333334,47.375
627,0,53,17.5,1340,6.789999961853027,320,-92.29166666666667,32.79166666666667
628,0,1794,5.5,418,79.87999725341797,1.5,-111.70833333333333,42.20833333333333
629,0,1593,0.6000000238418579,972,236.5500030517578,-169,-118.125,51.45833333333333
630,0,1567,3.799999952316284,619,161.57000732421875,-72.25,-116.70833333333333,45.375
631,0,548,1.2000000476837158,488,1.1200000047683716,-23.75,-100.79166666666667,50.45833333333333
632,0,280,12.5,1107,16.6200008392334,192.5,-90.45833333333334,37.70833333333333
633,0,1829,10,312,40.63999938964844,132,-107.70833333333334,36.791666666666664
634,0,551,7.099999904632568,448,10.760000228881836,123.5,-100.20833333333334,45.041666666666664
635,0,113,17.600000381469727,1195,4.889999866485596,325.25,-94.70833333333334,33.20833333333333
636,0,144,20.100000381469727,856,5.730000019073486,403.5,-97.79166666666667,29.708333333333336
637,0,3011,0.699999988079071,608,111.2300033569336,-141.5,-110.70833333333333,40.625
638,0,81,17.700000762939453,1204,6.380000114440918,325.5,-94.20833333333334,32.95833333333333
639,0,672,11.300000190734863,576,5.579999923706055,190.75,-99.45833333333334,39.20833333333333
640,0,595,2.5999999046325684,410,2.5299999713897705,4,-102.20833333333334,49.45833333333333
641,0,1397,7.099999904632568,209,6.440000057220459,68.75,-108.375,44.20833333333333
642,0,420,13.5,819,3.309999942779541,235,-97.20833333333334,37.70833333333333
643,0,107,19,995,5.429999828338623,363.75,-96.20833333333334,31.875
644,0,16,20.299999237060547,1315,2.0399999618530273,416,-94.875,29.875
645,0,187,11.399999618530273,926,2.930000066757202,165.75,-89.875,39.791666666666664
646,0,2340,6.5,341,83.529998779296875,21.5,-115.79166666666667,38.041666666666664
647,0,1451,14.199999809265137,248,3.950000047683716,237.75,-106.875,33.625
648,0,614,3.9000000953674316,427,5.070000171661377,42,-99.95833333333334,47.291666666666664
649,0,960,5.300000190734863,278,4.170000076293945,6.25,-110.70833333333333,48.791666666666664
650,0,1914,10.800000190734863,213,21.270000457763672,155.5,-110.95833333333333,36.625
651,0,226,9.899999618530273,887,8.119999885559082,160.75,-92.29166666666667,41.291666666666664
652,0,1000,8.199999809265137,455,11.829999923706055,103,-101.875,43.291666666666664
653,0,1524,10,1082,105.31999969482422,150,-120.04166666666667,38.20833333333333
654,0,1062,6.099999904632568,500,78.20999908447266,0,-114.54166666666667,47.791666666666664
655,0,270,9.600000381469727,1565,31.610000610351562,159,-121.95833333333333,47.20833333333333
656,0,2266,3.799999952316284,386,22.780000686645508,-50.25,-110.95833333333333,41.041666666666664
657,0,974,4.800000190734863,1215,286.20001220703125,-26,-123.79166666666667,50.20833333333333
658,0,560,11,607,5.150000095367432,192,-99.04166666666667,39.791666666666664
659,0,1058,16.899999618530273,184,38.2599983215332,334.25,-114.45833333333333,35.54166666666667
660,0,1354,9.100000381469727,251,22.209999084472656,105,-117.79166666666667,41.625
661,0,258,15.899999618530273,919,7.429999828338623,290.75,-96.70833333333334,35.70833333333333
662,0,1548,13.300000190734863,190,91.13999938964844,226.75,-116.625,36.125
663,0,446,21,240,25.329999923706055,448.25,-111.70833333333333,33.20833333333333
664,0,8,19.5,1458,1.4900000095367432,389,-93.54166666666667,30.208333333333336
665,0,457,8.800000190734863,586,4.800000190734863,155.75,-98.29166666666667,43.375
666,0,2358,3.5999999046325684,466,62.029998779296875,-58.75,-107.375,40.70833333333333
667,0,1105,12.800000190734863,436,4.690000057220459,214.25,-101.95833333333334,36.875
668,0,690,9.699999809265137,619,4.550000190734863,144.25,-99.20833333333334,40.70833333333333
669,0,1313,3.299999952316284,516,255.97999572753906,-93.75,-122.04166666666667,50.62499999999999
670,0,534,6.199999809265137,571,3.1500000953674316,95.75,-97.375,44.70833333333333
671,0,126,18.5,1145,7.900000095367432,350.25,-94.875,31.708333333333332
672,0,175,9.399999618530273,905,1.2999999523162842,104.25,-87.04166666666667,42.291666666666664
673,0,363,6.900000095367432,624,4.059999942779541,116.75,-96.125,44.625
674,0,1515,3.200000047683716,2109,141.94000244140625,-55,-121.375,46.875
675,0,444,2.9000000953674316,453,6.699999809265137,20.25,-99.125,49.20833333333333
676,0,1662,8,269,24.5,79.25,-116.54166666666667,40.95833333333333
677,0,377,6.800000190734863,796,3.4600000381469727,95.75,-93.125,43.791666666666664
678,0,1117,7,434,52.880001068115234,37.75,-120.125,44.95833333333333
679,0,1039,2.799999952316284,386,5.869999885559082,-62.75,-108.95833333333334,49.375
680,0,221,14.100000381469727,1369,15.359999656677246,226.25,-87.125,35.70833333333333
681,0,1642,8,267,27.760000228881836,77.75,-116.54166666666667,41.041666666666664
682,0,3588,-2.0999999046325684,686,160.16000366210938,-238.5,-106.45833333333334,38.95833333333333
683,0,699,17.200000762939453,549,5.690000057220459,318.25,-100.875,32.625
684,0,644,13.399999618530273,1221,31.950000762939453,212.75,-93.54166666666667,35.875
685,0,349,10.199999809265137,765,2.0999999046325684,167.75,-96.375,41.375
686,0,85,18.399999618530273,1221,7.679999828338623,350.5,-94.375,31.375
687,0,2498,5.199999809265137,410,69.12999725341797,-6.5,-109.79166666666667,39.375
688,0,697,4,358,1.690000057220459,14.75,-106.54166666666667,49.875
689,0,255,12.800000190734863,1046,3.7100000381469727,205,-93.95833333333334,38.20833333333333
690,0,1348,9.699999809265137,343,4.960000038146973,135,-103.95833333333334,40.291666666666664
691,0,461,10.699999809265137,739,4.239999771118164,176.5,-97.45833333333334,40.291666666666664
692,0,280,8.800000190734863,907,2.9700000286102295,91,-85.375,42.125
693,0,2195,7.199999809265137,766,115.26000213623047,89,-118.79166666666667,36.625
694,0,461,14.399999618530273,785,63.29999923706055,278,-122.29166666666667,38.791666666666664
695,0,1321,6.699999809265137,348,20.280000686645508,33.5,-111.375,45.875
696,0,1915,-0.8999999761581421,417,42.13999938964844,-226.5,-123.20833333333333,51.291666666666664
697,0,1495,7.699999809265137,334,10.279999732971191,75.25,-105.04166666666667,42.70833333333333
698,0,581,3.200000047683716,368,5.53000020980835,12.5,-105.875,50.45833333333333
699,0,1010,5,675,64.339996337890625,-33,-115.375,49.291666666666664
700,0,798,3.799999952316284,345,9.170000076293945,-8.5,-107.79166666666667,49.791666666666664
701,0,307,17.5,867,8.899999618530273,332,-97.625,33.375
702,0,993,3.9000000953674316,409,2.559999942779541,-62.5,-113.45833333333333,50.541666666666664
703,0,2899,2.200000047683716,509,73.83000183105469,-103.25,-111.45833333333333,39.041666666666664
704,0,910,1.7999999523162842,533,19.860000610351562,-135.25,-123.875,54.37499999999999
705,0,1472,1.2000000476837158,560,176.05999755859375,-155.5,-124.45833333333333,51.37499999999999
706,0,1276,6.300000190734863,409,22.559999465942383,10.25,-111.20833333333333,47.291666666666664
707,0,881,6.400000095367432,299,9.130000114440918,37.5,-110.70833333333333,48.291666666666664
708,0,927,6.800000190734863,320,11.359999656677246,71.75,-107.125,46.791666666666664
709,0,722,19.600000381469727,146,45.400001525878906,408.75,-115.79166666666667,33.95833333333333
710,0,1442,4.900000095367432,294,19.479999542236328,-28,-112.70833333333333,46.375
711,0,208,10.5,2213,49.95000076293945,211,-123.875,44.291666666666664
712,0,1275,10.699999809265137,185,22.850000381469727,158,-117.95833333333333,40.125
713,0,1138,9.399999618530273,252,5.840000152587891,120.5,-114.54166666666667,42.791666666666664
714,0,1275,8.399999618530273,430,4.150000095367432,97.75,-103.04166666666667,42.20833333333333
715,0,343,9.199999809265137,992,17.799999237060547,92.5,-82.20833333333334,40.541666666666664
716,0,2671,4,475,61.4900016784668,-64,-105.04166666666667,37.20833333333333
717,0,354,13.399999618530273,900,8.90999984741211,228.25,-96.375,37.875
718,0,849,1.7999999523162842,538,7.119999885559082,-122.5,-115.125,53.291666666666664
719,0,1473,6.199999809265137,270,6.940000057220459,23.5,-112.125,43.625
720,0,636,4.5,443,8.420000076293945,48.5,-100.79166666666667,47.125
721,0,1789,4.599999904632568,379,28.010000228881836,-27.75,-113.95833333333333,43.45833333333333
722,0,1378,5,482,44.810001373291016,-20.5,-109.45833333333333,47.291666666666664
723,0,5,13.5,583,29.530000686645508,315,-122.54166666666667,37.70833333333333
724,0,1515,11.699999809265137,207,11.890000343322754,179.5,-115.79166666666667,37.791666666666664
725,0,2345,1.2999999523162842,348,93.37999725341797,-133.5,-113.375,44.541666666666664
726,0,2338,5.900000095367432,287,66.81999969482422,3.5,-116.29166666666667,38.791666666666664
727,0,528,20.899999618530273,435,9.6899995803833,443.25,-111.29166666666667,33.04166666666667
728,0,1551,13.600000381469727,442,60.27000045776367,227.5,-109.875,33.125
729,0,1361,12.399999618530273,223,68.83000183105469,212.25,-109.70833333333333,38.45833333333333
730,0,554,14.899999618530273,417,40.29999923706055,286,-120.04166666666667,35.54166666666667
731,0,2265,8.199999809265137,356,8.279999732971191,68.25,-109.29166666666667,35.54166666666667
732,0,3372,-0.6000000238418579,836,169.9499969482422,-194.25,-107.625,37.70833333333333
733,0,110,16.5,1435,6.840000152587891,285.75,-89.54166666666667,33.45833333333333
734,0,1437,7.699999809265137,359,15.520000457763672,80.5,-104.79166666666667,43.041666666666664
735,0,325,14.899999618530273,1159,11.140000343322754,257.25,-94.70833333333334,36.041666666666664
736,0,985,7.699999809265137,399,9.829999923706055,94,-104.04166666666667,44.95833333333333
737,0,222,10.199999809265137,966,2.119999885559082,126.5,-87.54166666666667,40.45833333333333
738,0,45,17.100000381469727,1321,1.4500000476837158,311.25,-91.375,33.79166666666667
739,0,399,8.300000190734863,811,4.829999923706055,124.75,-94.95833333333334,42.20833333333333
740,0,924,6.900000095367432,368,9.430000305175781,53.5,-108.79166666666667,47.45833333333333
741,0,869,4.099999904632568,371,4.929999828338623,-33.75,-112.875,50.70833333333333
742,0,278,7,751,11.850000381469727,107,-94.04166666666667,44.125
743,0,505,1.7000000476837158,453,11.069999694824219,-7,-101.375,50.70833333333333
744,0,172,9.699999809265137,884,0.23000000417232513,117,-82.04166666666667,41.95833333333333
745,0,625,19.299999237060547,86,51.380001068115234,411.25,-116.625,35.70833333333333
746,0,1276,3.5999999046325684,411,61.13999938964844,-77.5,-119.125,49.70833333333333
747,0,665,1.7999999523162842,425,5.739999771118164,-61,-111.125,53.12499999999999
748,0,282,6.800000190734863,816,1.8899999856948853,77.5,-90.125,44.041666666666664
749,0,1195,5.199999809265137,973,113.91999816894531,-28.25,-115.95833333333333,46.95833333333333
750,0,387,13,1103,7.960000038146973,206.25,-93.875,37.041666666666664
751,0,202,14.100000381469727,1330,17.579999923706055,227,-86.29166666666667,36.45833333333333
752,0,194,16.700000762939453,1109,6.670000076293945,304.5,-95.95833333333334,34.04166666666667
753,0,2462,4.699999809265137,469,99.12999725341797,-22.5,-108.70833333333334,39.625
754,0,154,22.100000381469727,59,77.68000030517578,494.75,-116.70833333333333,35.95833333333333
755,0,1624,1.7000000476837158,650,100.52999877929688,-140.5,-120.70833333333333,49.125
756,0,1480,12.199999809265137,376,24.6200008392334,187.25,-103.625,36.041666666666664
757,0,2682,2.4000000953674316,395,46.029998779296875,-87,-110.29166666666667,41.041666666666664
758,0,1522,5.599999904632568,316,20.989999771118164,3.25,-111.875,43.95833333333333
759,0,222,21.100000381469727,546,2.700000047683716,428.5,-100.125,28.958333333333336
760,0,385,13.100000381469727,1080,14.449999809265137,207,-92.45833333333334,37.041666666666664
761,0,1282,8,310,18.959999084472656,58.75,-121.70833333333333,42.041666666666664
762,0,230,18.299999237060547,827,8.1899995803833,349.5,-97.45833333333334,32.625
763,0,53,17.200000762939453,1391,4.389999866485596,312.75,-87.95833333333334,32.79166666666667
764,0,2026,2.5999999046325684,470,78.5,-96.25,-112.20833333333333,46.45833333333333
765,0,274,7.300000190734863,781,8.119999885559082,82.25,-88.375,43.791666666666664
766,0,1912,8,422,38.81999969482422,81.75,-112.20833333333333,39.95833333333333
767,0,2541,5.199999809265137,546,70.8499984741211,-30.5,-104.45833333333334,37.041666666666664
768,0,1999,9.100000381469727,405,17.360000610351562,85.5,-105.20833333333334,35.625
769,0,1530,5.099999904632568,401,61.06999969482422,-22.5,-112.29166666666667,46.791666666666664
770,0,704,5.599999904632568,427,8.15999984741211,56,-102.125,46.625
771,0,520,15,405,31.780000686645508,289,-120.125,35.625
772,0,1942,10.300000190734863,272,33.63999938964844,137.75,-109.79166666666667,36.20833333333333
773,0,525,3.9000000953674316,827,7.170000076293945,-14.25,-89.125,46.125
774,0,1792,-0.800000011920929,723,133.57000732421875,-213,-119.79166666666667,53.95833333333333
775,0,316,15.899999618530273,996,11.800000190734863,289.25,-96.70833333333334,34.70833333333333
776,0,47,16.799999237060547,1372,0.9900000095367432,305,-90.45833333333334,34.04166666666667
777,0,955,16.5,133,12.989999771118164,324.75,-115.79166666666667,36.041666666666664
778,0,280,12.800000190734863,1027,7.659999847412109,209.75,-94.625,38.375
779,0,5,20.700000762939453,1148,0.8799999952316284,434,-95.04166666666667,29.291666666666668
780,0,1247,13.5,432,4.619999885559082,218.25,-102.79166666666667,34.79166666666667
781,0,2147,5.099999904632568,327,8.510000228881836,-12,-105.70833333333334,41.70833333333333
782,0,547,9,224,66.44000244140625,94.75,-119.875,47.45833333333333
783,0,2287,6.900000095367432,482,126.33000183105469,32.5,-113.375,37.375
784,0,501,7.599999904632568,1278,199.02999877929688,41.5,-122.04166666666667,49.70833333333333
785,0,475,21,232,10.510000228881836,450.5,-111.95833333333333,32.70833333333333
786,0,1013,14.899999618530273,490,1.7899999618530273,258.25,-101.70833333333334,34.04166666666667
787,0,199,16.700000762939453,1207,10.5600004196167,326.75,-122.29166666666667,40.625
788,0,759,9.699999809265137,275,19.799999237060547,124.5,-117.125,43.95833333333333
789,0,95,17.399999618530273,1201,5.960000038146973,319.25,-94.125,33.20833333333333
790,0,58,16.899999618530273,1383,2.369999885559082,301.25,-91.70833333333334,33.29166666666667
791,0,308,13.600000381469727,1080,3.819999933242798,232,-94.875,37.625
792,0,1350,16.299999237060547,245,42.529998779296875,296.5,-106.54166666666667,31.958333333333332
793,0,1509,16.200000762939453,324,51.36000061035156,294.25,-104.625,30.125
794,0,310,6.5,607,2.8399999141693115,99.25,-95.875,44.95833333333333
795,0,720,3.5999999046325684,373,5.599999904632568,4.25,-106.29166666666667,50.041666666666664
796,0,1023,10.100000381469727,517,4.610000133514404,148.25,-101.375,39.875
797,0,594,14.600000381469727,1007,49.56999969482422,275,-121.95833333333333,40.45833333333333
798,0,1233,11.899999618530273,388,4.099999904632568,188.75,-102.375,37.45833333333333
799,0,227,8.399999618530273,885,11.630000114440918,79.25,-85.54166666666667,43.041666666666664
800,0,870,18.799999237060547,336,18.729999542236328,361,-102.70833333333334,29.958333333333336
801,0,1236,17,215,3.7300000190734863,317.25,-107.125,31.625
802,0,141,13.800000190734863,1202,10.539999961853027,229.25,-90.95833333333334,36.541666666666664
803,0,849,2.4000000953674316,352,8.0600004196167,-51.5,-111.95833333333333,51.45833333333333
804,0,761,5.800000190734863,320,8.199999809265137,39,-109.125,48.541666666666664
805,0,215,12.100000381469727,1112,18.68000030517578,174.5,-84.875,38.70833333333333
806,0,664,1.899999976158142,434,1.4900000095367432,-20.25,-102.79166666666667,50.125
807,0,1104,1.899999976158142,455,16.739999771118164,-141.25,-122.875,52.541666666666664
808,0,294,14.100000381469727,1186,21.079999923706055,234,-92.29166666666667,36.041666666666664
809,0,822,15.199999809265137,518,14.970000267028809,270,-101.125,34.29166666666667
810,0,3488,-4.099999904632568,654,109.33000183105469,-283.75,-109.70833333333333,43.375
811,0,3564,-2,732,119.79000091552734,-234.25,-105.875,39.541666666666664
812,0,835,5,328,6.599999904632568,16.75,-109.125,48.70833333333333
813,0,68,17.5,1286,4.199999809265137,320.25,-93.375,32.79166666666667
814,0,334,9.600000381469727,906,5.960000038146973,151.5,-93.70833333333334,40.791666666666664
815,0,1478,15.399999618530273,284,47.81999969482422,268.25,-104.875,31.125
816,0,2025,4.199999809265137,781,99.91999816894531,-15,-122.125,41.45833333333333
817,0,230,15.800000190734863,976,7.489999771118164,286,-96.29166666666667,35.625
818,0,1012,11.199999809265137,439,3.6700000762939453,177.75,-101.375,38.375
819,0,961,16.700000762939453,268,47.18000030517578,325,-113.54166666666667,34.79166666666667
820,0,1449,12,283,41.75,190.25,-114.20833333333333,37.291666666666664
821,0,1336,14,395,3.440000057220459,224.5,-103.70833333333334,33.375
822,0,220,9.600000381469727,971,3.3399999141693115,116.25,-87.54166666666667,41.375
823,0,537,3.700000047683716,824,6.360000133514404,-15.75,-89.375,46.125
824,0,1955,9,345,49.16999816894531,107,-108.70833333333334,39.041666666666664
825,0,408,5.599999904632568,498,1.6699999570846558,95.25,-98.29166666666667,45.875
826,0,448,13.899999618530273,1506,22.170000076293945,214,-85.625,34.79166666666667
827,0,670,0,453,8.699999809265137,-81.75,-108.375,53.87499999999999
828,0,1470,15.399999618530273,253,80.62000274658203,268.5,-104.875,31.375
829,0,103,14,1228,3.940000057220459,231.25,-88.625,37.125
830,0,160,14.100000381469727,1364,9.109999656677246,226.5,-88.04166666666667,36.20833333333333
831,0,2065,4.900000095367432,231,12.739999771118164,-9.25,-110.375,41.375
832,0,1084,6.599999904632568,511,47.20000076293945,17.75,-120.45833333333333,46.041666666666664
833,0,633,18,607,5.739999771118164,338.75,-99.875,31.208333333333332
834,0,694,16.899999618530273,542,10.319999694824219,313.25,-100.95833333333334,33.04166666666667
835,0,1836,8.899999618530273,376,46.25,95.5,-113.625,37.541666666666664
836,0,1234,7.900000095367432,399,29.6200008392334,84.5,-103.95833333333334,43.541666666666664
837,0,1924,5.5,809,31.959999084472656,8,-121.125,40.541666666666664
838,0,2955,0.800000011920929,540,44.400001525878906,-146,-106.20833333333334,41.291666666666664
839,0,593,7.400000095367432,1615,86.87000274658203,92,-122.125,48.375
840,0,923,17.700000762939453,170,32.900001525878906,362,-114.375,35.875
841,0,1254,15,314,13.210000038146973,261,-104.70833333333334,33.625
842,0,1199,3.799999952316284,621,33.279998779296875,-72.75,-114.375,48.875
843,0,230,13,1264,7.650000095367432,197.75,-86.125,37.541666666666664
844,0,355,10,1008,16.079999923706055,110.5,-81.20833333333334,40.041666666666664
845,0,800,14.100000381469727,583,55.959999084472656,286,-121.54166666666667,37.541666666666664
846,0,658,2.200000047683716,426,1.2899999618530273,-9.5,-103.45833333333334,50.125
847,0,644,0.5,431,7.96999979019165,-74.5,-108.79166666666667,53.45833333333333
848,0,1371,15.600000381469727,252,9.369999885559082,278,-107.95833333333334,31.958333333333332
849,0,716,13.5,474,69.16999816894531,270,-120.95833333333333,36.45833333333333
850,0,421,15.800000190734863,672,4.559999942779541,298.75,-98.79166666666667,35.04166666666667
851,0,529,5.800000190734863,398,11,88.25,-100.625,46.375
852,0,996,20.5,329,58.540000915527344,439,-101.875,28.708333333333336
853,0,2823,-1.399999976158142,494,118.69000244140625,-213,-112.875,44.375
854,0,1204,7.800000190734863,420,7.849999904632568,80.25,-102.20833333333334,42.041666666666664
855,0,366,9,699,9.5600004196167,143.25,-96.20833333333334,42.45833333333333
856,0,2046,5.5,302,12.0600004196167,4.5,-106.125,41.95833333333333
857,0,409,5,495,2.4600000381469727,75,-97.875,46.291666666666664
858,0,164,16.100000381469727,1410,18.1299991607666,286,-92.95833333333334,34.375
859,0,672,2.700000047683716,348,6.829999923706055,-14,-107.625,51.12499999999999
860,0,331,5.699999809265137,505,2.190000057220459,100.5,-97.20833333333334,46.125
861,0,2054,5.900000095367432,277,13.1899995803833,18.75,-106.79166666666667,41.70833333333333
862,0,639,14,584,8.239999771118164,252.75,-99.79166666666667,36.875
863,0,641,4.900000095367432,494,6.980000019073486,64.25,-98.95833333333334,45.95833333333333
864,0,603,17.700000762939453,602,5.329999923706055,333.75,-100.375,32.70833333333333
865,0,1910,6.699999809265137,284,69.94999694824219,43.25,-114.20833333333333,40.45833333333333
866,0,761,18.799999237060547,349,6.670000076293945,357.75,-102.375,31.291666666666668
867,0,234,9.800000190734863,896,1.4600000381469727,118.75,-83.29166666666667,41.125
868,0,1568,6,281,7.639999866485596,18.75,-113.04166666666667,43.20833333333333
869,0,274,20.399999618530273,695,8.020000457763672,415.25,-98.95833333333334,29.291666666666668
870,0,1228,7.300000190734863,1004,56.880001068115234,65,-122.54166666666667,42.625
871,0,331,7.5,841,3.4000000953674316,106.25,-92.79166666666667,43.125
872,0,218,9.699999809265137,970,2.2100000381469727,112.5,-86.625,41.20833333333333
873,0,1508,12.899999618530273,220,13.680000305175781,204.25,-106.875,34.54166666666667
874,0,951,17.899999618530273,296,4.989999771118164,338.5,-103.95833333333334,31.375
875,0,244,14.399999618530273,1416,14.010000228881836,231.25,-84.70833333333334,35.29166666666667
876,0,238,11.699999809265137,993,4.920000076293945,180.5,-92.29166666666667,39.625
877,0,1367,16.799999237060547,269,14.550000190734863,317.5,-107.79166666666667,31.041666666666668
878,0,1615,-0.30000001192092896,985,134.6300048828125,-202,-121.20833333333333,53.541666666666664
879,0,1008,8.600000381469727,490,6.769999980926514,113,-101.125,41.541666666666664
880,0,1411,12.5,200,33.630001068115234,211.75,-109.70833333333333,37.20833333333333
881,0,1559,15.300000190734863,323,24.350000381469727,272,-108.375,31.375
882,0,1348,4.699999809265137,667,85.7699966430664,-41,-113.875,47.70833333333333
883,0,1435,9.699999809265137,353,6,130.5,-104.54166666666667,40.291666666666664
884,0,95,15.899999618530273,1298,10.119999885559082,284.25,-91.70833333333334,35.29166666666667
885,0,405,21.600000381469727,89,19.15999984741211,469.75,-115.79166666666667,34.125
886,0,1656,12.100000381469727,308,15.199999809265137,187,-111.20833333333333,35.29166666666667
887,0,114,18.299999237060547,949,3.4100000858306885,350.5,-96.45833333333334,32.54166666666667
888,0,94,16.700000762939453,1323,7.179999828338623,300.5,-93.125,33.625
889,0,427,12.600000381469727,721,6.5,230.25,-97.875,38.875
890,0,761,5.5,314,12.199999809265137,60.5,-105.79166666666667,48.291666666666664
891,0,101,18.700000762939453,1121,7.690000057220459,352.75,-95.04166666666667,31.875
892,0,673,0.5,438,1.149999976158142,-48.5,-103.45833333333334,51.291666666666664
893,0,1253,6.900000095367432,365,26.420000076293945,61.75,-105.95833333333334,44.541666666666664
894,0,2392,4.5,430,69.69000244140625,-42,-105.375,39.375
895,0,181,11.699999809265137,937,1.2999999523162842,171.75,-89.54166666666667,39.625
896,0,589,21,309,8.930000305175781,425.75,-101.79166666666667,29.541666666666668
897,0,98,15.100000381469727,1286,5.130000114440918,262,-89.45833333333334,36.041666666666664
898,0,685,2.200000047683716,423,1.2899999618530273,-63,-111.95833333333333,53.041666666666664
899,0,1292,1.399999976158142,986,125.83000183105469,-156,-121.20833333333333,53.20833333333333
900,0,8,21.399999618530273,977,1.0499999523162842,457,-96.79166666666667,28.291666666666668
901,0,2751,3.0999999046325684,438,63.58000183105469,-91.5,-106.29166666666667,37.375
902,0,1203,4,368,68.91999816894531,-69,-120.79166666666667,50.375
903,0,933,6.5,374,14.9399995803833,41,-109.04166666666667,47.625
904,0,906,2.0999999046325684,481,5.5,-112.5,-114.04166666666667,52.541666666666664
905,0,375,13,1091,9.680000305175781,203.25,-91.70833333333334,37.291666666666664
906,0,490,20.200000762939453,250,6.420000076293945,427.75,-112.625,33.70833333333333
907,0,1051,3.5,545,10.760000228881836,-88.5,-121.70833333333333,52.12499999999999
908,0,1249,7.099999904632568,380,13.449999809265137,48.5,-108.95833333333334,46.041666666666664
909,0,463,11.5,1167,48.029998779296875,149.25,-81.70833333333334,37.625
910,0,1409,5.900000095367432,317,33.380001068115234,-10,-119.20833333333333,43.791666666666664
911,0,413,12.399999618530273,860,5.480000019073486,212,-96.875,38.791666666666664
912,0,1289,10.399999618530273,166,1.899999976158142,168.75,-113.79166666666667,40.791666666666664
913,0,146,13.600000381469727,1222,13.229999542236328,216.5,-88.375,37.375
914,0,2663,-0.30000001192092896,429,75.160003662109375,-177.25,-109.95833333333333,43.20833333333333
915,0,443,9.800000190734863,255,35.650001525878906,108,-120.45833333333333,46.20833333333333
916,0,557,1.2999999523162842,417,8.699999809265137,-51.25,-109.125,53.20833333333333
917,0,255,6.900000095367432,799,3.7100000381469727,76.25,-89.29166666666667,43.95833333333333
918,0,486,7,613,4.920000076293945,110.5,-96.875,43.791666666666664
919,0,1988,5.599999904632568,303,24.59000015258789,4.5,-108.54166666666667,40.625
920,0,272,6.900000095367432,771,8.039999961853027,100.75,-92.95833333333334,44.541666666666664
921,0,1847,7.900000095367432,336,22.229999542236328,72.25,-115.45833333333333,40.20833333333333
922,0,172,10,896,0.20999999344348907,124,-82.04166666666667,41.625
923,0,1832,6.699999809265137,363,46.720001220703125,32.75,-115.375,40.791666666666664
924,0,1369,4,365,40.0099983215332,-54.25,-111.20833333333333,48.875
925,0,834,2.4000000953674316,365,5.889999866485596,-54,-112.04166666666667,51.62499999999999
926,0,1667,3.4000000953674316,435,62.22999954223633,-79.5,-112.95833333333333,46.791666666666664
927,0,292,6.599999904632568,745,5.409999847412109,96.5,-93.875,44.375
928,0,869,2.5,412,14.789999961853027,-60.75,-112.875,52.041666666666664
929,0,243,9.600000381469727,980,2.6700000762939453,109.25,-86.125,41.125
930,0,1470,9.100000381469727,195,24.6299991607666,118.25,-113.95833333333333,40.291666666666664
931,0,895,13.899999618530273,1188,49.09000015258789,261,-120.625,38.541666666666664
932,0,1546,12,377,76.62000274658203,189.25,-113.125,37.291666666666664
933,0,509,6.800000190734863,422,11.619999885559082,118.5,-100.45833333333334,45.625
934,0,959,6.199999809265137,381,19.100000381469727,31.5,-109.125,47.70833333333333
935,0,1184,8.699999809265137,782,34.15999984741211,88.5,-121.625,41.125
936,0,567,0.6000000238418579,434,3.049999952316284,-39.75,-103.375,51.62499999999999
937,0,222,10,923,3.809999942779541,144.5,-90.45833333333334,41.041666666666664
938,0,484,20.899999618530273,279,10.5600004196167,447.25,-112.04166666666667,33.70833333333333
939,0,596,3,347,2.1700000762939453,8,-106.375,50.791666666666664
940,0,29,17.700000762939453,1405,1.3799999952316284,322.25,-91.375,32.70833333333333
941,0,33,17.5,1391,1.4299999475479126,318.25,-91.70833333333334,32.875
942,0,676,0.20000000298023224,431,3.4100000858306885,-79,-108.54166666666667,53.37499999999999
943,0,1517,13.800000190734863,459,63.459999084472656,237.25,-112.125,34.79166666666667
944,0,1362,0.800000011920929,575,47.58000183105469,-170.75,-115.875,52.45833333333333
945,0,992,15.100000381469727,496,1.9900000095367432,264,-101.625,33.875
946,0,1433,9.600000381469727,189,42.720001220703125,120.5,-118.95833333333333,40.45833333333333
947,0,218,16.100000381469727,632,15.029999732971191,309.5,-122.45833333333333,40.041666666666664
948,0,732,4.599999904632568,367,8.640000343322754,43.5,-104.04166666666667,48.291666666666664
949,0,550,8.5,438,16.389999389648438,144.75,-100.625,44.20833333333333
950,0,1645,10.800000190734863,175,31.100000381469727,159.5,-111.125,38.45833333333333
951,0,1203,1.7999999523162842,343,15.079999923706055,-142,-123.29166666666667,51.791666666666664
952,0,1571,5.699999809265137,316,40.47999954223633,13.75,-107.70833333333334,44.45833333333333
953,0,2251,5,332,85.12999725341797,-9.75,-109.04166666666667,40.625
954,0,272,7.800000190734863,818,6.96999979019165,91.75,-89.20833333333334,43.041666666666664
955,0,268,10.800000190734863,1063,4.239999771118164,142.25,-86.625,39.70833333333333
956,0,733,5.300000190734863,365,11.460000038146973,52.25,-104.54166666666667,47.875
957,0,346,10.199999809265137,1026,19.84000015258789,115.75,-80.125,39.95833333333333
958,0,574,1.899999976158142,423,3.5899999141693115,-9.25,-103.70833333333334,50.62499999999999
959,0,1339,0.10000000149011612,480,26.09000015258789,-199.5,-123.20833333333333,52.70833333333333
960,0,577,2.299999952316284,386,1.409999966621399,-3,-104.45833333333334,50.375
961,0,64,18.100000381469727,1221,4.900000095367432,339.25,-94.125,32.70833333333333
962,0,292,13.399999618530273,1102,11.460000038146973,216.75,-92.125,36.625
963,0,189,12.699999809265137,982,12.979999542236328,203.5,-92.125,38.541666666666664
964,0,2077,7.699999809265137,313,46.220001220703125,69,-116.95833333333333,39.541666666666664
965,0,638,8,968,38.7599983215332,59,-121.375,45.95833333333333
966,0,120,20.200000762939453,925,7.03000020980835,409.25,-97.20833333333334,29.375
967,0,272,8.5,1177,91.5199966430664,129,-123.54166666666667,48.791666666666664
968,0,491,16.700000762939453,607,11.25,320.25,-99.875,34.125
969,0,26,18,1398,1.850000023841858,329.75,-91.45833333333334,32.45833333333333
970,0,519,15.899999618530273,616,5.699999809265137,299.5,-99.70833333333334,34.95833333333333
971,0,1337,6.900000095367432,233,16.459999084472656,78.5,-107.79166666666667,44.125
972,0,1195,7.099999904632568,374,17.81999969482422,65.5,-106.20833333333334,44.70833333333333
973,0,328,5.800000190734863,685,5.079999923706055,86.25,-94.29166666666667,45.791666666666664
974,0,912,9.300000190734863,522,8.619999885559082,126,-100.79166666666667,40.70833333333333
975,0,198,14.699999809265137,242,26.920000076293945,318,-120.95833333333333,36.041666666666664
976,0,370,8.100000381469727,1686,95.2699966430664,83,-122.20833333333333,49.20833333333333
977,0,1958,9,699,78.31999969482422,121,-117.04166666666667,34.29166666666667
978,0,216,15,1389,11.899999618530273,248,-84.95833333333334,34.625
979,0,437,8.100000381469727,474,14.270000457763672,143,-99.375,43.95833333333333
980,0,1122,10.399999618530273,453,5.980000019073486,155,-101.875,39.625
981,0,859,14.600000381469727,541,8.170000076293945,256.25,-100.95833333333334,34.95833333333333
982,0,1068,17.399999618530273,357,7.03000020980835,330.25,-103.29166666666667,30.625
983,0,2439,6.599999904632568,522,72.29000091552734,28.5,-108.95833333333334,33.70833333333333
984,0,424,12.800000190734863,1088,10.449999809265137,202.25,-92.875,37.375
985,0,2096,6.199999809265137,332,83.29000091552734,25.75,-113.875,40.041666666666664
986,0,695,2.5,426,2.5,-53.75,-111.79166666666667,52.70833333333333
987,0,2211,5.099999904632568,322,8.760000228881836,-13.25,-105.875,41.45833333333333
988,0,1420,15.899999618530273,418,25.600000381469727,292,-103.04166666666667,30.458333333333336
989,0,2235,1.100000023841858,511,120.62999725341797,-141,-114.875,43.70833333333333
990,0,803,10.899999618530273,553,6.420000076293945,169.5,-100.29166666666667,39.791666666666664
991,0,53,9.800000190734863,595,26.450000762939453,181,-122.625,48.375
992,0,675,2.299999952316284,347,7.820000171661377,-17.5,-108.20833333333334,51.45833333333333
993,0,181,11.300000190734863,943,2.0299999713897705,161.25,-89.29166666666667,39.95833333333333
994,0,906,13.5,1150,50.560001373291016,245,-120.45833333333333,38.291666666666664
995,0,1594,4.300000190734863,439,173.6699981689453,-50.75,-114.54166666666667,45.291666666666664
996,0,726,17.100000381469727,566,4.699999809265137,314,-100.79166666666667,32.625
997,0,2650,-0.8999999761581421,524,152.16000366210938,-203.25,-114.45833333333333,43.95833333333333
998,0,995,8.199999809265137,1421,110.2300033569336,128,-123.79166666666667,42.125
999,0,637,1.899999976158142,440,2.1600000858306885,-73.75,-112.625,53.87499999999999
1000,0,736,7.5,404,7.730000019073486,118.75,-102.125,44.875
